{
    "J1": [
        499.99749999999995,
        5440.005
    ],
    "J2": [
        499.99749999999995,
        4440.005
    ],
    "J3": [
        8500.967249999996,
        2959.9889999999987
    ],
    "J4": [
        499.99749999999995,
        2440.005
    ],
    "J5": [
        499.99749999999995,
        1440.005
    ],
    "H1": [
        3200.0189999999984,
        6540.031687499997
    ],
    "H2": [
        3200.0189999999984,
        5540.025749999998
    ],
    "H3": [
        3200.0189999999984,
        4540.019812499998
    ],
    "H4": [
        3200.0189999999984,
        3540.0138749999987
    ],
    "H5": [
        3200.0189999999984,
        2540.007937499999
    ]
}