{
    "J1": [
        7674.983062499996,
        6110.025562499997
    ],
    "J2": [
        7734.9905624999965,
        5110.019624999997
    ],
    "J3": [
        7774.995562499996,
        4110.013687499999
    ],
    "J4": [
        7815.000562499996,
        3110.007749999999
    ],
    "J5": [
        7875.0080624999955,
        2110.001812499999
    ],
    "H1": [
        2964.9718125000004,
        1389.9899375
    ],
    "H2": [
        2864.9718125000004,
        2389.9899375
    ],
    "H3": [
        2774.9896874999986,
        3369.9926249999985
    ],
    "H4": [
        2674.977187499999,
        4410.003562499996
    ],
    "H5": [
        2574.9646874999994,
        5409.985687499997
    ]
}