{
    "J1": [
        8739.997124999996,
        1458.9680624999987
    ],
    "J2": [
        8759.999624999995,
        2458.9739999999983
    ],
    "J3": [
        8780.002124999995,
        3448.978687499998
    ],
    "J4": [
        8800.004624999994,
        4458.985874999998
    ],
    "J5": [
        8820.007124999995,
        5458.991812499998
    ],
    "H1": [
        3630.001312499998,
        5898.999187499997
    ],
    "H2": [
        3630.001312499998,
        4898.993249999998
    ],
    "H3": [
        3630.001312499998,
        3898.987312499998
    ],
    "H4": [
        3630.001312499998,
        2898.981374999998
    ],
    "H5": [
        3630.001312499998,
        1898.9754374999986
    ]
}