{
    "J1": [
        5473.988624999995,
        4897.989687499998
    ],
    "J2": [
        5323.988624999995,
        3897.989687499998
    ],
    "J3": [
        5173.988624999995,
        2897.989687499998
    ],
    "J4": [
        5073.988624999995,
        1897.9896874999981
    ],
    "J5": [
        4943.988624999995,
        925.9896874999981
    ],
    "H1": [
        2263.9734374999985,
        1187.9818124999995
    ],
    "H2": [
        2383.988437499999,
        2187.987749999999
    ],
    "H3": [
        2504.0034374999987,
        3187.9936874999985
    ],
    "H4": [
        2624.018437499999,
        4187.999624999999
    ],
    "H5": [
        2724.0309374999983,
        5188.005562499999
    ]
}